sport,name,hometown,highschool
2024 Football,Sharif Denson,"Jacksonville, Fla. ", Bartram Trail
2024 Football,Ja'Quavion Fraziars,"Dunnellon, Fla. ", Dunnellon
2024 Football,Justus Boone,"Sumter, S.C. ", Sumter HS
2024 Football,Montrell  Johnson Jr.,"New Orleans, La. ", De La Salle
2024 Football,Ja'Keem  Jackson,"Kissimmee, Fla. ", Osceola
2024 Football,DJ Lagway,"Willis, Texas ", Willis
2024 Football,Jason Marshall Jr.,"Miami, Fla. ", Miami Palmetto
2024 Football,Eugene Wilson III,"Tampa, Fla. ", Gaither
2024 Football,TJ  Abrams,"Fort Myers, Fla. ", Dunbar
2024 Football,Teddy  Foster,"Sarasota, Fla ", Cardinal Mooney
2024 Football,Myles Graham,"Gainesville, Fla. ", Buchholz
2024 Football,Treyaun Webb,"Jacksonville, Fla. ", Trinity Christian Academy
2024 Football,Shemar James,"Mobile, Ala. ", Faith Academy
2024 Football,Andy Jean,"Miami, Fla. ", Miami Northwestern
2024 Football,Trikweze Bridges,"Lanett, Ala. ", Lanett
2024 Football,Arlis Boardingham,"Van Nuys, Calif. ", Birmingham
2024 Football,Ja'Markis Weston,"Clewiston, Fla. ", Clewiston
2024 Football,Keon  Zipperer,"Lakeland, Fla. ", Lakeland
2024 Football,Tank Hawkins,"Fredericksburg, Va. ", IMG Academy
2024 Football,Grayson Howard,"Jacksonville, Fla. ", Andrew Jackson
2024 Football,Kelby Collins,"Gardendale, Ala. ", Gardendale
2024 Football,Aidan  Mizell,"Orlando, Fla. ", Boone
2024 Football,DJ  Douglas,"Montgomery, Ala. ", Thomspon
2024 Football,Paul Kessler,"Los Angeles, Calif. ", Venice
2024 Football,Jadan  Baugh,"Atlanta, Ga. ", Columbia
2024 Football,Aaron  Gates,"Moreland, Ga. ", Trinity Christian
2024 Football,Jordan Castell,"Orlando, Fla. ", West Orange
2024 Football,Parker Leise,"Omaha, Neb. ", IMG Academy
2024 Football,Graham Mertz,"Overland Park, Kan. ", Blue Valley North
2024 Football,Derek  Wingo,"Fort Lauderdale, Fla. ", St. Thomas Aquinas
2024 Football,R.J. Moten,"Delran, N.J. ", Delran
2024 Football,Aidan Warner,"Winter Park, Fla. ", Winter Park
2024 Football,Chimere  Dike,"Waukesha, Wis. ", Waukesha North
2024 Football,LJ McCray,"Daytona, Fla. ", Mainland
2024 Football,Clay Millen,"Snoqualmie, Wash. ", Mount Si
2024 Football,Bryce Thornton,"College Park, Ga. ", Milton
2024 Football,Alex  Gonzalez,"Fort Myers, Fla. ", Lehigh
2024 Football,T.J. Searcy,"Thomaston, Ga. ", Upson-Lee
2024 Football,Asa Turner,"San Diego, Calif. ", Carlsbad
2024 Football,KD Daniels,"West Point, Miss. ", West Point
2024 Football,Desmond Watson,"Plant City, Fla. ", Armwood
2024 Football,Kahleil Jackson,"Hawthorne, Fla. ", Hawthorne
2024 Football,Deuce  Spurlock II,"Madison, Ala. ", Madison Academy
2024 Football,Josiah Davis,"Nashville, Ga. ", Berrien
2024 Football,Ja'Kobi Jackson,"Pensacola, Fla. ", Pensacola Catholic
2024 Football,Kamran James,"Orlando, Fla. ", Olympia
2024 Football,Ethan Pouncey,"Winter Park, Fla. ", Winter Park
2024 Football,Anthony Rubio,"Miami, Fla. ", Belen Jesuit
2024 Football,Jeremy  Crawshaw,"Emu Plains, New South Wales, Australia ", 
2024 Football,Jameer Grimsley,"Tampa, Fla. ", Tampa Catholic
2024 Football,Cam Carroll,"Flowood, Miss. ", Northwest Rankin
2024 Football,Dijon Johnson,"Tampa, Fla. ", Wharton
2024 Football,Devin Moore,"Naples, Fla. ", Naples
2024 Football,Jaden Robinson,"Lake City, Fla. ", Columbia
2024 Football,Trey Smack,"Severna Park, Md. ", Severna Park
2024 Football,Gregory Smith III,"Sebring, Fla. ", Sumner
2024 Football,Taylor Spierto,"Franklin, Tenn. ", Franklin
2024 Football,Ahman Covington,"Starke, Fla. ", Bradford
2024 Football,Cahron Rackley,"Miami, Fla. ", Miami Palmetto
2024 Football,Brien  Taylor Jr.,"Houston, Texas ", Cypress Falls
2024 Football,Mannie  Nunnery,"Houston, Texas ", Shadow Creek
2024 Football,D'Antre Robinson,"Orlando, Fla. ", Jones
2024 Football,Bryce Capers,"Jacksonville, Fla. ", Riverside
2024 Football,Javion Toombs,"Fort Pierce, Fla. ", Centennial
2024 Football,Sebastian  Vargas,"Oviedo, Fla. ", Oviedo
2024 Football,Brayden Slade,"Coconut Creek, Fla. ", Monarch
2024 Football,Hunter Smith,"Gainesville, Fla. ", Buchholz
2024 Football,Rocco Underwood,"Lake Mary, Fla. ", Lake Mary
2024 Football,Jaden Edgecombe,"Cocoa, Fla. ", Cocoa
2024 Football,Jack Pyburn,"Jacksonville, Fla. ", The Bolles
2024 Football,Layne Swafford,"Ponte Vedra Beach, Fla. ", Ponte Vedra
2024 Football,Ethan Wilson,"Coral Springs, Fla. ", Coral Springs Charter
2024 Football,Justin Pelic,"Mount Pleasant, S.C. ", Wando
2024 Football,Gannon Burt,"Fort Mill, S.C. ", Fort Mill
2024 Football,Quincy Ivory,"Alief, Texas ", Legacy
2024 Football,George Gumbs Jr.,"Chicago, Ill. ", Simeon
2024 Football,Jack Muse,"Hingham, Mass. ", Hingham
2024 Football,Jake Xeller,"Reston, Virginia ", Herndon
2024 Football,Bryce Lovett,"Rockledge, Fla. ", Rockledge
2024 Football,Mike Williams,"Upper Marlboro, Md. ", Charles Herbert Flowers
2024 Football,Christian Williams,"Missouri City, Texas ", Fort Bend Marshall
2024 Football,Devon Manuel,"Sunset, La. ", Beau Chene
2024 Football,Austin Barber,"Jacksonville, Fla. ", Trinity Christian Academy
2024 Football,Andre Morris,"Tampa, Fla. ", Jesuit
2024 Football,Hayden Clem,"Maitland, Fla. ", Winter Park
2024 Football,Chase Stevens,"Vero Beach, Fla. ", Vero Beach
2024 Football,Nicolas Flynn,"Lake Forest, Ill. ", Lake Forest
2024 Football,Caden Jones,"New Orleans, La. ", De La Salle
2024 Football,Riley Simonds,"Buford, Ga. ", Buford
2024 Football,Brandon  Crenshaw-Dickson,"Inglewood, Calif. ", Narbonne
2024 Football,Jake Slaughter,"Sparr, Fla. ", Trinity Catholic
2024 Football,Fletcher Westphal,"Leesburg, Va. ", Tuscarora
2024 Football,Damieon George Jr. ,"Houston, Texas ", North Shore
2024 Football,Roderick  Kearney,"Jacksonville, Fla. ", Orange Park
2024 Football,Bryan Rosenberg,"Gainesville, Fla. ", Buchholz
2024 Football,Mark  Pitts,"Gainesville, Fla. ", Buchholz
2024 Football,Noel  Portnjagin,"Karlsruhe, Germany ", PPI Recruits
2024 Football,Kamryn Waites,"Dallas, Texas ", Universal Academy
2024 Football,Knijeah Harris,"Port St. Lucie, Fla. ", IMG Academy
2024 Football,Zak Sedaros,"Melbourne, Fla. ", Viera
2024 Football,Jackson Wade,"Dallas, Ga. ", North Paulding
2024 Football,Brian Green Jr.,"Jacksonville, Fla. ", Orange Park
2024 Football,Scott Isacks,"New Orleans, La. ", Metairie Park
2024 Football,Tony Livingston,"Tampa, Fla. ", King
2024 Football,Gavin Hill,"Gainesville, Fla. ", Buchholz
2024 Football,Caleb Banks,"Detroit, Mich. ", Southfield A&T
2024 Football,Marcus Burke,"Jacksonville, Fla. ", Trinity Christian Academy
2024 Football,Hayden Hansen,"Weatherford, Texas ", Weatherford
2024 Football,Connor Homa,"Palm Harbor, Fla. ", Palm Harbor University
2024 Football,Tyreik Norwood,"Winchester, Tenn. ", Franklin County
2024 Football,Sebastian Scott,"West Palm Beach, Fla. ", Cardinal Newman
2024 Football,Michai  Boireau,"Atlanta, Ga. ", Creekside
2024 Football,Tyreak Sapp,"Fort Lauderdale, Fla. ", St. Thomas Aquinas
2024 Football,Jamari Lyons,"Cocoa, Fla. ", Viera
2024 Football,Joey  Slackman,"Commack, N.Y. ", Commack
2024 Football,Cam Jackson,"Haynesville, La ", Haynesville
2024 Baseball ,Dale Thomas,"De Leon Springs, Fla. ", Bishop Moore (Coastal Carolina)
2024 Baseball ,Ty Evans,"Auburndale, Fla. ", Lakeland Christian
2024 Baseball ,Cade Fisher,"Dalton, Ga. ", Northwest Whitfield County
2024 Baseball ,Cade Kurland,"Tampa, Fla. ", Berkeley Prep
2024 Baseball ,Sammy Mummau,"Palm Harbor, Fla. ", Dunedin
2024 Baseball ,Tyler Shelnut,"Lake City, Fla. ", Fort White (Santa Fe CC)
2024 Baseball ,Christian Rodriguez,"Coral Springs, Fla. ", Marjory Stoneman Douglas
2024 Baseball ,Luke McNeillie,"Milton, Ga. ", Milton
2024 Baseball ,Colby Shelton,"Lexington, S.C. ", Bloomingdale (Alabama)
2024 Baseball ,Michael Robertson,"Venice, Fla. ", Venice
2024 Baseball ,Liam Peterson,"Palm Harbor, Fla. ", Calvary Christian
2024 Baseball ,Ryan Slater,"Palm Harbor, Fla. ", East Lake
2024 Baseball ,Jac Caglianone,"Tampa, Fla. ", Plant
2024 Baseball ,Landon Russell,"Phenix City, Ala. ", Russell County (Gulf Coast CC)
2024 Baseball ,Hayden Yost,"Tampa, Fla. ", Sickles
2024 Baseball ,Jacob Gomberg,"Coral Springs, Fla. ", Marjory Stoneman Douglas
2024 Baseball ,Pierce Coppola,"Verona, N.J. ", Verona
2024 Baseball ,Jake Clemente,"Coral Springs, Fla. ", Marjory Stoneman Douglas
2024 Baseball ,Caden McDonald,"Tampa, Fla. ", Sickles
2024 Baseball ,Brandon Neely,"Seville, Fla. ", Spruce Creek
2024 Baseball ,John Martinez,"Orlando, Fla. ", Montverde Academy
2024 Baseball ,Blake Brookins,"Palmetto Bay, Fla. ", Miami Palmetto
2024 Baseball ,Reilly Witmer,"Naples, Fla. ", Naples
2024 Baseball ,Tanner Garrison,"Dallas, Tex. ", Cardinal Newman (Coastal Carolina)
2024 Baseball ,Fisher Jameson,"Lake Worth, Fla. ", Park Vista
2024 Baseball ,Luke Heyman,"Longwood, Fla. ", Lake Brantley
2024 Baseball ,Brody Donay,"Lakeland, Fla. ", Lakeland Christian (Virginia Tech)
2024 Baseball ,Ashton Wilson,"Orlando, Fla. ", TNXL Academy (Charleston Southern)
2024 Baseball ,Frank Menendez,"Miami, Fla. ", Doral Academy Charter
2024 Baseball ,Grayson Smith,"Rocky Face, Ga. ", McCallie School
2024 Baseball ,Robert Satin,"Tampa, Fla. ", Plant
2024 Baseball ,Alex Philpott,"Tampa, Fla. ", Strawberry Crest
2024 Baseball ,Blake Purnell,"Boynton Beach, Fla. ", St. Thomas Aquinas
2024 Baseball ,Armando Albert,"Plantation, Fla. ", Belen Jesuit (Santa Fe CC 
2024 Baseball ,Hunter Jones,"Anthony, Fla. ", North Marion
2024 Baseball ,Jaylen Guy,"Greensboro, N.C. ", Southeast Guilford (Liberty)
2023-24 Men's Basketball ,Zyon Pullin,"Pleasant Hill, Calif.",College Park HS
2023-24 Men's Basketball ,Walter Clayton Jr.,"Lake Wales, Fla.",Bartow
2023-24 Men's Basketball ,Riley Kugel,"Orlando, Fla.",Dr. Phillips
2023-24 Men's Basketball ,Micah Handlogten,"Lake Norman, N.C.",Southlake Christian Academy
2023-24 Men's Basketball ,Tyrese Samuel,"Montreal, Quebec, Canada",Orangeville Prep (Ontario)
2023-24 Men's Basketball ,Will Richard,"Fairburn, Ga.",Woodward Academy
2023-24 Men's Basketball ,Thomas Haugh,"New Oxford, Pa.",Perkiomen School
2023-24 Men's Basketball ,Denzel Aberdeen,"Orlando, Fla.",Dr. Phillips
2023-24 Men's Basketball ,Alex Klatsky,"Colts Neck, N.J.",Ranney School
2023-24 Men's Basketball ,Aleks Szymczyk,"Frankfurt, Germany",Gymnasium München-Nord-IBAM
2023-24 Men's Basketball ,Jack May,"Boca Raton, Fla.",Saint Andrew's School
2023-24 Men's Basketball ,Alex Condon,"Perth, Australia",BA Centre of Excellence-NBA Global Academy
2023-24 Men's Basketball ,Bennett Andersen,"Tampa, Fla.",Jesuit HS
2023-24 Men's Basketball ,Julian Rishwain,"Los Angeles, Calif.",Notre Dame HS
2023-24 Men's Basketball ,Kajus Kublickas,"Kaunas, Lithuania",Zalgiris II
2023-24 Men's Basketball ,Cooper Josefsberg,"Miami, Fla.",Riviera Prep
2023-24 Women's Basketball ,Aliyah Matharu,"Washington, D.C.",Bishop McNamara HS
2023-24 Women's Basketball ,Zippy Broughton,"Wetumpka, Alabama",Robert E. Lee
2023-24 Women's Basketball ,Alberte Rimdal,"Koge, Denmark",Marselisborg Gymnasium
2023-24 Women's Basketball ,Kenza Salgues,"Montpellier, France","National Institute of Sport, Expertise, and Performance"
2023-24 Women's Basketball ,Alexia Dizeko,"Sion, Switzerland",not listed
2023-24 Women's Basketball ,Laila Reynolds,"PG County, Maryland",Shabach Christian Academy
2023-24 Women's Basketball ,Jeriah Warren,"Lake Charles, Louisiana",LaGrange
2023-24 Women's Basketball ,Eriny Kindred,"Del Valle, Texas",Del Valle High School
2023-24 Women's Basketball ,Paige Clausen,"Naples, Fla.",Barron Collier HS
2023-24 Women's Basketball ,Leilani  Correa,"Manchester, N.J.",Manchester Township
2023-24 Women's Basketball ,Ra Shaya Kyle,"Marion, Ind.",Marion HS
2023-24 Women's Basketball ,Faith Dut,"Vancouver, British Columbia",Semiamhoo Secondary School
2023-24 Men's Golf ,Parker Bell,"Tallahassee, Fla.",Lawton Chiles High School
2023-24 Men's Golf ,Toby Bishop,"Wales, United Kingdom",Dubai English Speaking College
2023-24 Men's Golf ,Quentin Debove,"Paris, France",Lycée George-Sand
2023-24 Men's Golf ,John DuBois,"Windermere, Fla.",The First Academy
2023-24 Men's Golf ,Ian  Gilligan,"Reno, N.V.",Galena High School
2023-24 Men's Golf ,Ryan Hart,"Buffalo, N.Y.",Gulf Coast High School
2023-24 Men's Golf ,Matthew Kress,"Saratoga, Calif.",Bellarmine College Prep
2023-24 Men's Golf ,Miguel Leal,"Guatemala City, Guatemala",Advantages School International
2023-24 Men's Golf ,Joe Pagdin,"Sheffield, England",Lake Nona High School
2023-24 Men's Golf ,Luke Poulter,"Orlando, Fla.",Circle Christian 
2023-24 Men's Golf ,Rylan Shim,"Centreville, Virginia",Westfield High School
2023-24 Men's Golf ,Jack  Turner,"Orlando, Fla.",Montverde Academy
2023-24 Men's Golf ,Tyler Wilkes,"Tampa, Fla.",Gaither High School
2023-24 Women's Golf ,Inès Archer,"Rennes, France ",not listed
2023-24 Women's Golf ,Marina Escobar,"Almeria, Spain",IES Ortega y Gasset
2023-24 Women's Golf ,Maisie Filler,"Palm Beach Gardens, Fla. ",Oxbridge Academy
2023-24 Women's Golf ,Paula   Francisco,"Madrid, Spain ",IES Oretga and Gasset
2023-24 Women's Golf ,Addison Klonowski,"Naples, Fla.",Naples
2023-24 Women's Golf ,Jackie Lucena,"Chico, Calif. ",Pleasant Valley
2023-24 Women's Golf ,Sarunchana  Rattanasin,"Bangkok, Thailand",St. Francis Xavier School
2023-24 Women's Golf ,Taylor  Roberts ,"Parkland, Fla.",Parkland
2023-24 Women's Golf ,Sophie Stevens,"Highland, Mich.",Homeschool
2023-24 Women's Golf ,Karoline  Tuttle,"Lake Mary, Fla.",Lake Mary 
2024 Gymnastics ,Alyssa Arana,"Miami, Fla. ",Leyva Gymnastics Academy
2024 Gymnastics ,Sloane Blakely,"Frisco, Texas",WOGA
2024 Gymnastics ,Kaylee Bluffstone,"Lutz, Fla.",LaFleur’s Tampa
2024 Gymnastics ,Lori Brubach,"Apopka, Fla.",RAD Gymnastics
2024 Gymnastics ,Chloi Clark,"Denver, Colo.",Colorado Gymnastics Institute
2024 Gymnastics ,Gabby Disidore,"Overland Park, Kansas",GAGE
2024 Gymnastics ,Skylar Draser,"South Huntington, N.Y.",Parkettes
2024 Gymnastics ,Bri Edwards,"Navarre, Fla.",Gulf Coast Gymnastics
2024 Gymnastics ,Danie Ferris,"Palm Coast, Fla.",Florida Elite
2024 Gymnastics ,Morgan Hurd,"Middletown, Del.",First State Gymnastics
2024 Gymnastics ,Ellie Lazzari,"Wheaton, Ill.",Legacy Elite Gymnastics
2024 Gymnastics ,Michala Magee,"Orlando, Fla.",Orlando Metro
2024 Gymnastics ,Riley McCusker,"Bradenton, Fla.",Brian Carey
2024 Gymnastics ,Victoria Nguyen,"Houston, Texas",Chow’s Gymnastics
2024 Gymnastics ,Anya  Pilgrim,"Germantown, Md.",Hill’s Gymnastics
2024 Gymnastics ,Payton Richards,"Mokena, Ill.",Aerials Gymnastics Club
2024 Gymnastics ,Leanne Wong,"Overland Park, Kan.",GAGE
2024 Lacrosse ,Cate Isaacson,"Worthington, Ohio ",Thomas Worthington  
2024 Lacrosse ,Emma Panciocco,"Riverhead, N.Y.",Riverhead
2024 Lacrosse ,Madison Waters,"Bayport, N.Y.",Bayport Blue Point
2024 Lacrosse ,Makena Harrington,"Powell, Ohio ",Olentangy Liberty High School 
2024 Lacrosse ,Brie Catts,"Milton, Ga.",Milton
2024 Lacrosse ,Kaitlyn Davies,"Wayne, N.J.",Wayne Hills HS
2024 Lacrosse ,Liz Harrison,"Lake Worth, Fla.",American Heritage Boca/Delray
2024 Lacrosse ,Keira Rooney,"Bayport, N.Y. ",Bayport Bluepoint 
2024 Lacrosse ,Delaney Radin,"Long Beach, N.Y. ",Long Beach High School 
2024 Lacrosse ,Emily Heller,"Babylon, N.Y.",West Babylon
2024 Lacrosse ,Danielle Pavinelli,"Northport, N.Y.",Northport
2024 Lacrosse ,Sydney Wilson,"Villanova, Pa.",Agnes Irwin School
2024 Lacrosse ,Macy Zaban,"Northfield, Ill.",New Trier
2024 Lacrosse ,Maria Pansini,"Villanova, Pa. ",The Agnes Irwin School 
2024 Lacrosse ,Hannah Heller,"Babylon, N.Y.",West Babylon 
2024 Lacrosse ,Josie Hahn,"Catonsville, Md.",St. Paul’s School for Girls
2024 Lacrosse ,Frannie Hahn,"Catonsville, Md. ",St. Paul’s School for Girls 
2024 Lacrosse ,Catherine  Flaherty,"Manorville, N.Y.",Eastport South Manor
2024 Lacrosse ,Sam Hughes,"Castle Rock, Colo. ",Castle View High School 
2024 Lacrosse ,Maggi Hall,"Bel Air, Md.",Bel Air
2024 Lacrosse ,Celeste Forte,"Manorville, N.Y.",Eastport South Manor
2024 Lacrosse ,Ashley Gonzalez,"Dix Hills, N.Y.",Half Hollow Hills High School East
2024 Lacrosse ,Gabbi Koury,"Birchrunville, Pa. ",Owen J. Roberts 
2024 Lacrosse ,Theresa Bragg,"Severna Park, Md.",Severna Park HS
2024 Lacrosse ,Ashley Dyer,"Elkridge, Md",Glenelg Country School  
2024 Lacrosse ,Gianna Monaco,"Mount Laurel, N.J.",Lenape
2024 Lacrosse ,Jenny Woodings,"Pittsburgh, Pa.",Shady Side Academy
2024 Lacrosse ,Lara Kology,"Chatham, N.J.",Chatham HS
2024 Lacrosse ,Carly Wilson,"Villanova, Pa.",Agnes Irwin School
2024 Lacrosse ,Ava Tighe,"Cold Spring Harbor, N.Y.",Cold Spring Harbor
2024 Lacrosse ,Elyse Finnelle,"Deale, Md.",Southern
2024 Lacrosse ,Alyssa Deacy,"Port Jefferson Station, N.Y. ",Comsewogue High School 
2024 Lacrosse ,Georgia Hoey,"Fairfield, Conn. ",Fairfield Ludlowe 
2024 Lacrosse ,Sarah Falk,"Fairport, N.Y.",Fairport
2024 Lacrosse ,Lea Flobeck,"Mount Sinai, N.Y",Mount Sinai
2024 Lacrosse ,Emily Lortz,"Malvern, Pa.",Conestoga
2024 Lacrosse ,Jackie Norsworthy,"Orlando, Fla.",Lake Highland
2024 Lacrosse ,Kelly Schluederberg,"Ellicott City, Md.",Howard
2024 Lacrosse ,Bella Palagonia ,"Locust Valley, N.Y.",St. Anthony’s
2024 Lacrosse ,Paisley Eagan,"Wilton, Conn.",Wilton
2023 Soccer ,Paloma  Peña,"Miramar, Fla.",McCarthy H.S.
2023 Soccer ,Jayden Emmanuel,"Indian Trail, N.C.",Sun Valley H.S.
2023 Soccer ,Elyse  Campbell,"Gainesville, Fla.",Olympia H.S.
2023 Soccer ,Tori Grambo,"St. Johns, Fla.",Bartram Trail H.S.
2023 Soccer ,Megan  Hinnenkamp,"Kearney, Mo.",Liberty North H.S.
2023 Soccer ,Alexa Goldberg,"St. Petersburg, Fla.",St. Petersburg H.S.
2023 Soccer ,Erica Roberts,"St. Petersburg, Fla.",Northside Christian H.S.
2023 Soccer ,Lauren McCloskey,"Canton, Ga.",Blessed Trinity Catholic H.S.
2023 Soccer ,Tessa Barton,"Littleton, Colo.",Columbine H.S.
2023 Soccer ,Josie Curtis,"Bradenton, Fla.",Lakewood Ranch H.S.
2023 Soccer ,Emily Yaple,"Erie, Pa.",Fort LeBoeuf H.S.
2023 Soccer ,Sophie White,"Herriman, Utah",Mountain Ridge H.S.
2023 Soccer ,Maddy Rhodes,"Vero Beach, Fla.",Vero Beach H.S.
2023 Soccer ,Tatum O'Coyne,"Rancho Sante Fe, Calif.",Torrey Pines H.S.
2023 Soccer ,Njeri Butts,"Lawrenceville, Ga.",Grayson H.S.
2023 Soccer ,Lauren Donovan,"Loveland, Ohio",Loveland H.S.
2023 Soccer ,Ashley Tutas,"Palm Harbor, Fla.",Palm Harbor University H.S.
2023 Soccer ,Liwa  Nilsson,"Västerås, Sweden",Widenska Gymnasiet
2023 Soccer ,Madeline Pirrello,"Harrison, N.Y.",Harrison H.S.
2023 Soccer ,Anna DeLeon,"Rancho Palos Verdes, Calif.",Palos Verdes H.S.
2023 Soccer ,Madison Young,"Ft. Lauderdale, Fla.",Cardinal Gibbons H.S.
2023 Soccer ,Oakley Rasmussen,"Millville, Utah",Ridgeline H.S.
2023 Soccer ,Daviana  Vaka,"Sandy, Utah",Juan Diego Catholic H.S.
2023 Soccer ,Lucy Froitzheim,"Naples, Fla.",Naples H.S.
2023 Soccer ,Delaney Tauzel,"St. Johns, Fla.",Creekside H.S.
2023 Soccer ,Molly  Grant,"Plainfield, Ill.",Plainfield North H.S.
2023 Soccer ,Thai Quallich,"Largo, Fla.",U.S. Performance Academy
2023 Soccer ,Charlotte  McClure,"Ridgeland, S.C.",Ridgeland-Hardeeville H.S.
2023 Soccer ,Lena  Bailey,"Tampa, Fla.",Tampa Catholic H.S.
2023 Soccer ,Amelia  Malkin,"Sarasota, Fla.",IMG Academy
2023 Soccer ,Paris  Bice,"Flagler Beach, Fla.",Alachua eSchool
2023 Soccer ,Sami  Fisher,"Scottsdale, Ariz.",Chaparral H.S.
2023 Soccer ,Madison Jones,"Longwood, Fla.",Lake Brantley H.S.
2023 Soccer ,Avery  Upton,"Jacksonville, Fla.",Creekside H.S.
2023 Soccer ,Mary Martin  Hampton,"Lexington, Ky.",Lexington Catholic H.S.
2023 Soccer ,Julianne  Leskauskas,"Manasquan, N.J.",Saint Rose H.S.
2024 Softball ,Ava Brown,"Montgomery, Texas",Lake Creek
2024 Softball ,Brooke Barnard,"Palm Beach Gardens, Fla.",Palm Beach Gardens
2024 Softball ,Avery Goelz,"Myakka City, Fla.",Lakewood Ranch
2024 Softball ,Keagan Rothrock,"Whiteland, Ind.",Roncalli
2024 Softball ,Jocelyn Erickson,"Phoenix, Ariz.",Sandra Day O'Connor
2024 Softball ,Alyssa Hovermale,"Norco, Calif.",Norco
2024 Softball ,Mia Williams,"Windermere, Fla.",Windermere Prep
2024 Softball ,Olivia Miller,"Orlando, Fla.",Bishop Moore Catholic
2024 Softball ,Reagan Walsh,"Redondo Beach, Calif.",South Torrance
2024 Softball ,Skylar Wallace,"Woodstock, Ga.",Etowah
2024 Softball ,Emily Wilkie,"Cumming, Ga.",Creekview
2024 Softball ,Cassidy McLellan,"Lakewood Ranch, Fla.",Lakewood Ranch
2024 Softball ,Mackenzie Wooten,"Windsor, Va.",Isle of Wight Academy
2024 Softball ,Kendra Falby,"Odessa, Fla.",Sunlake
2024 Softball ,Katie Kistler,"Orange Park, Fla.",Oakleaf
2024 Softball ,Korbe Otis,"Littleton, Colo.",Columbine
2024 Softball ,Ariel Kowalewski,"Richmond, Texas",William B. Travis
2024 Softball ,Baylee Goddard,"Orange Park, Fla.",Oakleaf
2023-24 Men's Swimming & Diving ,Cameron Abaqueta,"Davidson, N.C.",not listed
2023-24 Men's Swimming & Diving ,Amro Al-Wir,"Amman, Jordan",not listed
2023-24 Men's Swimming & Diving ,Peter Bretzmann,"Chapel Hill, N.C.",Chapel Hill
2023-24 Men's Swimming & Diving ,Eric Brown,"Quebec, Canada",not listed
2023-24 Men's Swimming & Diving ,Scotty Buff,"Bowling Green, Ohio",Saint Francis De Sales
2023-24 Men's Swimming & Diving ,Adam Chaney,"Mason, Ohio",Mason
2023-24 Men's Swimming & Diving ,Ben Cote,"Pinellas Park, Fla.",St. Petersburg
2023-24 Men's Swimming & Diving ,Jace  Crawford,"Jacksonville, Fla.",Episcopal
2023-24 Men's Swimming & Diving ,Elisha Dees,"Jacksonville, Fla.",not listed
2023-24 Men's Swimming & Diving ,Bobby Dinunzio III,"Virginia Beach, Virginia ",Ocean Lakes
2023-24 Men's Swimming & Diving ,Peyton Donald,"Spring, Texas",Grand Oaks
2023-24 Men's Swimming & Diving ,Skip Donald,"The Woodlands, Texas",The Woodlands
2023-24 Men's Swimming & Diving ,Mateusz  Dubas,"Siemianowice Slaskie, Poland",not listed
2023-24 Men's Swimming & Diving ,Edouard Fullum-Huot,"Montreal, Canada",not listed
2023-24 Men's Swimming & Diving ,Conor Gesing,not listed,Abington Senior
2023-24 Men's Swimming & Diving ,Joaquin Gonzalez Pinero,"Buenos Aires, Argentina",Jumeirah English Speaking School
2023-24 Men's Swimming & Diving ,Daniel Gordon,"East Berlin, Pa.",not listed
2023-24 Men's Swimming & Diving ,Wesley  Hyde,Ocala. Fla,West Port
2023-24 Men's Swimming & Diving ,Billy Jones,"Jacksonville, Fla.",Stanton College Prep
2023-24 Men's Swimming & Diving ,Dawson Joyce,"Sanford, Fla.",not listed
2023-24 Men's Swimming & Diving ,Evan Keogh,"Sarasota, Fla.",Sarasota
2023-24 Men's Swimming & Diving ,Amadeusz Knop,"Nokomis, Fla.",Venice Sr.
2023-24 Men's Swimming & Diving ,Mason Laur,"Naples, Fla.",Barron Collier
2023-24 Men's Swimming & Diving ,Joshua Liendo,"Scarborough, Canada",not listed
2023-24 Men's Swimming & Diving ,Oskar Lindholm,"Aarhus, Denmark",Marselisborg Gymnasium
2023-24 Men's Swimming & Diving ,Giovanni Linscheer,"Richardson, Texas",not listed
2023-24 Men's Swimming & Diving ,Caleb Maldari,"Denver, N.C.",Laurel Springs
2023-24 Men's Swimming & Diving ,Jonny  Marshall,"Akron, Ohio",Firestone Sr.
2023-24 Men's Swimming & Diving ,Macguire  McDuff,"Saint Johns, Fla.",Bartram Trail
2023-24 Men's Swimming & Diving ,Jake Mitchell,"Carmel, Indiana",not listed
2023-24 Men's Swimming & Diving ,Aryan Nehra,"Ahmedabad, India",British International School
2023-24 Men's Swimming & Diving ,Josh Parent,"Wilbraham, Mass.",Minnechaug Regional
2023-24 Men's Swimming & Diving ,Brendan  Peacock,"Cape Coral, Fla.",Evangelical Christian School
2023-24 Men's Swimming & Diving ,Raphael Rached Windmuller,"Curitiba-PR, Brazil",NSU University
2023-24 Men's Swimming & Diving ,Aleksas Savickas,"Panevezys, Lithuania",not listed
2023-24 Men's Swimming & Diving ,Julian  Smith,"St. Augustine, Fla.",Episcopal School of Jacksonville
2023-24 Men's Swimming & Diving ,Sean Sullivan,"Carmel, Indiana",Carmel
2023-24 Men's Swimming & Diving ,Anton Svirskyi,"Zaporizhzhya, Ukraine",Brick Township High School/Sports School of Olympic Reserve No 18
2023-24 Men's Swimming & Diving ,Andrew Taylor,"Clearwater, Fla.",Countryside
2023-24 Men's Swimming & Diving ,Jack VanDeusen,"St. Augustine, Fla.",Bartram
2023-24 Men's Swimming & Diving ,Brandon  Wegner,"Orlando, Fla.",Olympia
2023-24 Women's Swimming & Diving ,Anna Auld,"West Palm Beach, Fla.",Forest Hill Community
2023-24 Women's Swimming & Diving ,Elise Bauer,Ocala. Fla.,Forest
2023-24 Women's Swimming & Diving ,Chloe Bishop,"Jupiter, Florida",Jupiter Classical Academy
2023-24 Women's Swimming & Diving ,Catie Choate,"Norcross, Ga.",Norcross
2023-24 Women's Swimming & Diving ,Melissa Cowen,"Rothesay Bay, New Zealand",Rangitoto College
2023-24 Women's Swimming & Diving ,Micayla  Cronk,"Palm Coast, Fla.",Flagler Palm Coast
2023-24 Women's Swimming & Diving ,Lilly Daley,"Toronto, Ontario",Bill Crothers Secondary School
2023-24 Women's Swimming & Diving ,Camille DeBoer,"Gainesville, Fla.",not listed
2023-24 Women's Swimming & Diving ,Leah DeGeorge,"Anchorage, Alaska",The Bolles School
2023-24 Women's Swimming & Diving ,Zoe Dixon,"Henrico, Va.",not listed
2023-24 Women's Swimming & Diving ,Molly Golding,"Hollywood, Fla.",Cooper City
2023-24 Women's Swimming & Diving ,Casey Greenberg,"Gainesville, Fla.",not listed
2023-24 Women's Swimming & Diving ,Isabel Ivey,"Gainesville, Fla.",Bucholtz
2023-24 Women's Swimming & Diving ,Madison  Kolessar,"Chester Heights, Pa.",Academy of Notre Dame
2023-24 Women's Swimming & Diving ,Lainy Kruger,"Taylor Mill, Ky.",Notre Dame Academy
2023-24 Women's Swimming & Diving ,Carina Lumia,"Indian Rocks Beach, Fla.",Osceola Fundamental
2023-24 Women's Swimming & Diving ,Michaela Mattes,"Sarasota, Fla.",Cardinal Mooney
2023-24 Women's Swimming & Diving ,Molly Mayne ,"Dubai, United Arab Emirates ",not listed
2023-24 Women's Swimming & Diving ,Carly Meeting,"New Albany, Ohio",New Albany
2023-24 Women's Swimming & Diving ,Alex Mitchell,"Brookhaven, Ga.",Rivers Academy
2023-24 Women's Swimming & Diving ,Camyla Monroy ,"Laz Paz, Mexico",not listed
2023-24 Women's Swimming & Diving ,Anna Moore,"St. Johns, Fla.",not listed
2023-24 Women's Swimming & Diving ,Ekaterina Nikonova,"Novosibirsk, Russia","School No. 12, Novosibirsk"
2023-24 Women's Swimming & Diving ,Caroline Pagac,"Lake Worth, Fla.",Parks Vista Community
2023-24 Women's Swimming & Diving ,Caroline  Pennington,"Greenwich, CT",not listed
2023-24 Women's Swimming & Diving ,Olivia Peoples,"St. Augustine, Fla.",Nease
2023-24 Women's Swimming & Diving ,Julia Podkoscielny,"Fort Lauderdale, Fla.",Pine Crest
2023-24 Women's Swimming & Diving ,Grace Rainey,"Davidson, N.C.",William Amos Hough
2023-24 Women's Swimming & Diving ,Josephine Ramey,"Fishers, Ind.",Fishers
2023-24 Women's Swimming & Diving ,Amanda Ray,"Raleigh, N.C.",Leesville Road
2023-24 Women's Swimming & Diving ,Aris Runnels,"Woodbridge, Va.",Colgan
2023-24 Women's Swimming & Diving ,Bella Sims,"Henderson, Nev.",Nevada Connections Academy
2023-24 Women's Swimming & Diving ,Summer Smith,"Agawam, Mass.",Agawam High School
2023-24 Women's Swimming & Diving ,Emma Weyant,"Sarasota, Fla.",not listed
2023-24 Women's Swimming & Diving ,Mabel Zavaros,"Burlington, Ontario, Canada",Iroquois Ridge
2023-24 Men's Tennis ,Mattia Akcan,"Milwaukee, Wis.",George Washington University Online High School
2023-24 Men's Tennis ,Nate Bonetto,"Bend, Ore.",Oregon Connections Academy
2023-24 Men's Tennis ,Kevin Edengren,"Stockholm, Sweden",not listed
2023-24 Men's Tennis ,Adhithya Ganesan,"Clarksburg, Md.",Laurel Springs
2023-24 Men's Tennis ,Henry Jefferson,"London, England",not listed
2023-24 Men's Tennis ,Jeremy Jin,"Sydney, Australia",not listed
2023-24 Men's Tennis ,JanMagnus Johnson,"Cape Coral, Fla.",not listed
2023-24 Men's Tennis ,Aidan Kim,"Milford, Mich.",Milford High School
2023-24 Men's Tennis ,Tanapatt Nirundorn,"Bangkok, Thailand / Hilton Head, S.C.",not listed
2023-24 Women's Tennis ,Carly  Briggs ,"Calhoun, Ga.",Calhoun High School
2023-24 Women's Tennis ,Sara Dahlstrom,"Stockholm, Sweden",not listed
2023-24 Women's Tennis ,Emily De Oliveira,"Bradenton, Fla.",Allendale Academy
2023-24 Women's Tennis ,Alicia Dudeney,"Hove, United Kingdom",not listed
2023-24 Women's Tennis ,Rachel Gailis,"Delray Beach, Fla.",FLVS
2023-24 Women's Tennis ,Qavia Lopez,"Delray Beach, Fla",not listed
2023-24 Women's Tennis ,Malwina Rowinska,"Warsaw, Poland",not listed
2023-24 Women's Tennis ,Bente Spee,"Heemstede, Netherlands",not listed
2023-24 Women's Tennis ,Sophie Williams,"Charleston, S.C.",Laurel Springs
2024 Volleyball ,AC Fitzpatrick,"Ocala, Fla.",Trinity Catholic
2024 Volleyball ,Gaby Cornier,"Santurce, Puerto Rico ",Chattahoochee
2024 Volleyball ,Emerson Hoyle,"Arden, N.C.",T.C Roberson High School
2024 Volleyball ,Alexis Stucky,"Laramie, Wy.",Laramie
2024 Volleyball ,Ella Vogel,"Aurora, Colorado",Chaparral High School
2024 Volleyball ,Emily Canaan,"Allen, Texas",Allen High School
2024 Volleyball ,Trinity Adams,"Radford, Va.",Radford
2024 Volleyball ,Gabrielle Essix,"Hoover, Ala.",Hoover
2024 Volleyball ,Kira Hutson,"Aurora, Ill.",Metea Valley High School
2024 Volleyball ,Madi Gravlee,"Vero Beach, Fla.",Vero Beach
2024 Volleyball ,Isabel Martin,"Mauerstetten, Bavaria, Germany",not listed
2024 Volleyball ,Kennedy Martin,"Fort Mill, S.C.",Nation Ford
2024 Volleyball ,Taylor Parks,"Clearwater, Fla.",Calvary Christian
2024 Volleyball ,Elli McKissock,"Windermere, Fla.",The First Academy
2024 Volleyball ,Alec Rothe,"Dublin, Ohio",Dublin Scioto
2024 Volleyball ,Amaya Thomas,"Orlando, Fla.",University High School
2024 Track and Field ,India Alix,"Houston, Texas",Klein High School
2024 Track and Field ,Flomena Asekol,"Kapenguria, Kenya",Sing'ore Girls High School
2024 Track and Field ,Caroline Bauer,"Williamsburg, Virginia",Jamestown High School
2024 Track and Field ,Alissa Braxton,"Long Island, New York",Commack High School
2024 Track and Field ,Kendall Brown,"Oxford, Florida",Wildwood High School
2024 Track and Field ,Claire  Bryant,"Houston, Texas",Houston Memorial High School
2024 Track and Field ,Anthaya Charlton,"Nassau, Bahamas",St. Augustine's College High School
2024 Track and Field ,Kayla Davis,"Coral Springs, Fl",Coral Springs Charter High School
2024 Track and Field ,Sayla Donnelley,"Robina, Australia",King's Christian College High School
2024 Track and Field ,Allison  Drummond,"Gainesville, Florida",Buchholz High School
2024 Track and Field ,Kate Drummond,"Gainesville, Florida",Buchholz High School
2024 Track and Field ,Jess Edwards,"Cape Coral, Florida",Canterbury High School
2024 Track and Field ,Ramiah Elliott,"Indianapolis, Indiana",North Central High School
2024 Track and Field ,Layla Haynes,"Workmans, Barbados",IMG Academy
2024 Track and Field ,Jayla Hollis,"Lancaster, Texas",DeSoto High School
2024 Track and Field ,Akari Isaac,"Tampa, Florida",Tampa Tech High School
2024 Track and Field ,Olivia Jones,"Hopkinton, Massachusetts",Hopkinton High School
2024 Track and Field ,Da'Moni Kelly,"Jacksonville, Florida",Mandarin High School
2024 Track and Field ,Ashley Klingenberg,"Altamonte Springs, Florida",Lake Brantley High School
2024 Track and Field ,Gracelyn Leiseth,"Hayti, South Dakota",Hamlin High School
2024 Track and Field ,Annie Loehle,"Jacksonville, Florida",Mandarin High School
2024 Track and Field ,Amelia Mazza-Downie,"Melbourne, Australia",Maribyrnong Secondary
2024 Track and Field ,Jasmine Montgomery,"San Antonio, Texas",Reagan High School
2024 Track and Field ,Stephy Ormsby,"Fort Myers, Florida",Fort Myers High School
2024 Track and Field ,Laila Owens,"Richmond, Texas",George Bush High School
2024 Track and Field ,Rylee Pustilnik,"Delray Beach, Florida",Spanish River High School
2024 Track and Field ,Lucinda Rourke,"Melbourne, Australia",Haileybury Girls College High School
2024 Track and Field ,Keleigh  Scallon,"Tampa, Florida",Newsome High School
2024 Track and Field ,Jordan Shapiro,"Miami, Florida",Palmetto High School
2024 Track and Field ,Vasileia Spyrou,"Palaion Faliro, Greece, P.C.",2nd Daily High School of Palaion Faliro
2024 Track and Field ,Grace Stark,"White Lake, Michigan",Lakeland High School
2024 Track and Field ,Breanna Stuart,"Canyon, Texas",Canyon High School
2024 Track and Field ,Elise Thorner,"Langport, England",Millfield High School
2024 Track and Field ,Haley Thornton,"Palm Harbor, Florida",Palm Harbor University High School
2024 Track and Field ,Parker Valby,"Tampa, Florida",East Lake High School
2024 Track and Field ,Alida van Daalen,"Rotterdam, Netherlands",not listed
2024 Track and Field ,Imani Washington,"Peachtree Corners, Georgia",Wesleyan High School
2024 Track and Field ,Vanessa Watson,"Rochester, New York",Spencerport High School
2024 Track and Field ,Melanie Welsing,"Richmond, Kentucky",Model Laboratory High School
2024 Track and Field ,Allison Wilson,"Montgomery, Texas",Montgomery High School
2024 Track and Field ,Liina  Winborn,"Turku, Finland",Sunlake High School
2024 Track and Field ,Sam  Austin,"Winter Springs, Florida",Oviedo High School
2024 Track and Field ,Adrian Bichara,"Miami, Florida",Christopher Columbus High School
2024 Track and Field ,Calvin Bostic,"Citra, Florida",North Marion County HS
2024 Track and Field ,Joshua Brockman,"Charlotte, North Carolina",Ardrey Kell High School
2024 Track and Field ,Kai Chang,"Kingston, Jamaica",Calabar High School
2024 Track and Field ,Orlando Cicilioni,"Sarasota, Florida",Sarasota High School
2024 Track and Field ,Malcolm Clemons,"Oakland, California",IMG Academy
2024 Track and Field ,Sean Dixon-Bodie,"Bloomfield, Connecticut",Bloomfield High School
2024 Track and Field ,Michael Fiore,"Fort Lauderdale, Florida",Fort Lauderdale High School
2024 Track and Field ,Caleb Foster,"Fresno, California",Clovis North High School
2024 Track and Field ,Ethan Geiger,"Tampa, Florida",Robinson High School
2024 Track and Field ,Zach Godbold,"Tampa, Florida",Wharton High School
2024 Track and Field ,Robert Gregory,"Houston, Texas",Wheatley High School
2024 Track and Field ,Will Gross IV,"Newfane, New York",St. Joseph's College Institute
2024 Track and Field ,Reheem Hayles,"Springfield Gardens, New York",Springfield Gardens High School
2024 Track and Field ,Michael Holloway II,"Gainesville, Florida",Oak Hall High School
2024 Track and Field ,Edward Kepran,"Panama City Beach, Florida",Arnold High School
2024 Track and Field ,Parvej Khan,"Madhya Pradesh, India",not listed
2024 Track and Field ,Josh King,"Tampa, Florida",Steinbrenner High School
2024 Track and Field ,Braxton Legg,"Odessa, Florida",Cambridge Christian High School
2024 Track and Field ,Reed Legg,"Tampa, Florida",Cambridge Christian High School
2024 Track and Field ,Adam Magoulas,"Miami, Florida",Belen Jesuit High School
2024 Track and Field ,Ryan Maseman,"Plainfield, Illinois",Plainfield North High School
2024 Track and Field ,Jordan McCants,"Roswell, Georgia",Blessed Trinity High School
2024 Track and Field ,Ryan McCloskey,"Flemington, New Jersey",Hunterdon Central High School
2024 Track and Field ,Wanya McCoy,"Berry Island, Bahamas",Queens College High School
2024 Track and Field ,Jenoah McKiver,"High Point, North Carolina",T.W. Andrews High School
2024 Track and Field ,Eoin  McNally,"Decatur, Georgia",Decatur High School
2024 Track and Field ,Jacob Miley,"Palm Coast, Florida",Flagler Palm Coast High School
2024 Track and Field ,Alec Miller,"Sarasota, Florida",Sarasota High School
2024 Track and Field ,Emerson Miller,"Gainesville, Florida",Buchholz High School
2024 Track and Field ,Logan Montgomery,"Rossville, Georgia",Ridgeland High School
2024 Track and Field ,Matt Mule',"Boca Raton, Florida",Saint Andrews High School
2024 Track and Field ,Noah Musselwhite,"Apopka, Florida",Apopka High School
2024 Track and Field ,Gavin Nelson,"Jacksonville, Florida",Mandarin High School
2024 Track and Field ,Riley Novack,"Tavares, Florida",Monteverde Academy
2024 Track and Field ,Miguel Pantojas,"Oviedo, Florida",Hagerty High School
2024 Track and Field ,Alejandro Pena,"Tampa, Florida",Sunlake High School
2024 Track and Field ,Joseph Perazzo,"Staten Island, New York",Susan Wagner High School
2024 Track and Field ,Jonathan Pitchford,"Marathon, Florida",Marathon High School
2024 Track and Field ,Jevaughn Powell,"Clarendon, Jamaica",Kingston College High School
2024 Track and Field ,Rios Prude Jr.,"Rockledge, Florida",Rockledge High School
2024 Track and Field ,Chase Ruskin,"St. Johns, Florida",Bartram Trail High School
2024 Track and Field ,Abraham Sargent,"Pell City, Alabama",Mississippi College High School
2024 Track and Field ,Ashton Schwartzman,"Wautoma, Wisconsin",IMG Academy
2024 Track and Field ,Malique Smith-Band,"Kingston, Jamaica",Jamaica College High School
2024 Track and Field ,Josh Stern,"Melbourne, Florida",Satellite High School
2024 Track and Field ,Matthew Stratton,"Orange Park, Florida",St. John’s Country Day High School
2024 Track and Field ,Joey Stravato,"Orlando, Florida",West Orange High School
2024 Track and Field ,Oliver Thorner,"Street, England",Millfield High School
2024 Track and Field ,Javi Vento,"Miami, Florida",Belen Jesuit High School
2024 Track and Field ,Aiden Villasuso,"Miami, Florida",Belen Jesuit High School
2024 Track and Field ,Joe Wester,"Jupiter, Florida",Satellite High School
2024 Track and Field ,Kevar Williams,"DeLand, Florida",DeLand High School
2024 Track and Field ,Mac Wright,"Lithia, Florida",Newsome High School
2023 Cross Country ,Flomena Asekol,"Kapenguria, Kenya",Sing'ore Girls High School
2023 Cross Country ,Caroline Bauer,"Williamsburg, Virginia",Jamestown High School
2023 Cross Country ,Sayla Donnelley,"Robina, Australia",King's Christian College High School
2023 Cross Country ,Allison Drummond,"Gainesville, Florida",Buchholz High School
2023 Cross Country ,Kate Drummond,"Gainesville, Florida",Buchholz High School
2023 Cross Country ,Olivia Jones,"Hopkinton, Massachusetts",Hopkinton High School
2023 Cross Country ,Ashley Klingenberg,"Altamonte Springs, Florida",Lake Brantley High School
2023 Cross Country ,Annie Loehle,"Jacksonville, Florida",Mandarin High School
2023 Cross Country ,Amelia Mazza-Downie,"Melbourne, Australia",Maribyrnong Secondary
2023 Cross Country ,Stephanie Ormsby,"Fort Myers, Florida",Fort Myers High School
2023 Cross Country ,Rylee Pustilnik,"Delray Beach, Florida",Spanish River High School
2023 Cross Country ,Lucinda  Rourke,"Melbourne, Australia",Haileybury Girls College High School
2023 Cross Country ,Keleigh Scallon,"Tampa, Florida",Newsome High School
2023 Cross Country ,Jordan Shapiro,"Miami, Florida",Miami Palmetto High School
2023 Cross Country ,Vasileia Spyrou,"Palaion Faliro, Greece, P.C.",2nd Daily High School of Palaion Faliro
2023 Cross Country ,Breanna Stuart,"Canyon, Texas",Canyon High School
2023 Cross Country ,Elise Thorner,"Langport, England",Millfield High School
2023 Cross Country ,Haley Thornton,"Palm Harbor, Florida",Palm Harbor University High School
2023 Cross Country ,Parker Valby,"Tampa, Florida",East Lake High School
2023 Cross Country ,Allison Wilson,"Montgomery, Texas",Montgomery High School
2023 Cross Country ,Liina Winborn,"Turku, Finland",Sunlake High School
2023 Cross Country ,Orlando Cicilioni,"Sarasota, Florida",Sarasota High School
2023 Cross Country ,Michael Fiore,"Fort Lauderdale, Florida",Fort Lauderdale High School
2023 Cross Country ,Ethan Geiger,"Tampa, Florida",Robinson High School
2023 Cross Country ,Parvej Khan,"Madhya Pradesh, India",not listed
2023 Cross Country ,Josh King,"Tampa, Florida",Steinbrenner High School
2023 Cross Country ,Braxton Legg,"Odessa, Florida",Cambridge Christian High School
2023 Cross Country ,Reed Legg,"Tampa, Florida",Cambridge Christian High School
2023 Cross Country ,Adam Magoulas,"Miami, Florida",Belen Jesuit Preparatory School
2023 Cross Country ,Eoin McNally,"Decatur, Georgia",Decatur High School
2023 Cross Country ,Alec Miller,"Sarasota, Florida",Sarasota High School
2023 Cross Country ,Emerson Miller,"Gainesville, Florida",Buchholz High School
2023 Cross Country ,Ryan Miller,"Severn, Maryland",Archbishop Spalding High School
2023 Cross Country ,Matt Mule',"Boca Raton, Florida",Saint Andrew's High School
2023 Cross Country ,Gavin Nelson,"Jacksonville, Florida",Mandarin High School
2023 Cross Country ,Riley Novack,"Tavares, Florida",Monteverde Academy
2023 Cross Country ,Alejandro Peña,"Tampa, Florida",Sunlake High School
2023 Cross Country ,Joseph Perazzo,"Staten Island, New York",Susan Wagner High School
2023 Cross Country ,Jonathan Pitchford,"Marathon, Florida",Marathon High School
2023 Cross Country ,Josh Stern,"Melbourne, Florida",Satellite High School
2023 Cross Country ,Matthew Stratton,"Orange Park, Florida",St. John's Country Day High School
2023 Cross Country ,Javi Vento,"Miami, Florida",Belen Jesuit Preparatory School
2023 Cross Country ,Aiden Villasuso,"Miami, Florida",Belen Jesuit Preparatory School
2023 Cross Country ,Joe Wester,"Jupiter, Florida",Satellite High School
2023 Cross Country ,Mac Wright,"Lithia, Florida",Newsome High School
